chr	start	ref	alt	allele_frequency_tumor	coverage	gene	base_change	aa_change	transcript	functional_class	effect
chr1	missingInPDF	G	A	0.32	120	NRAS	c.35G>A	p.Gly12Asp	NM_002524.4	missense	missingInPDF
chr13	missingInPDF	G	T	0.37	120	RB1	c.1396G>T	p.Glu466*	NM_000321.2	stop_gained	missingInPDF
chr17	missingInPDF	G	T	0.33	114	TP53	c.672+1G>T	p.?	NM_000546.5	essential_splice_site	missingInPDF
chr18	missingInPDF	G	A	0.27	120	SMAD4	c.1157G>A	p.Gly386Asp	NM_005359.5	missense	missingInPDF
chrX	missingInPDF	missingInPDF	120	0.44	missingInPDF	AR	missingInPDF	p.Ala412Val	NM_000044.3	missense	missingInPDF
chr2	missingInPDF	missingInPDF	120	0.23	missingInPDF	DNMT3A	missingInPDF	p.Arg181His	NM_022552.4	missense	missingInPDF
chr4	missingInPDF	missingInPDF	120	0.30	missingInPDF	EPHA5	missingInPDF	p.=	NM_004439.6	synonymous	missingInPDF
chr8	missingInPDF	missingInPDF	120	0.26	missingInPDF	FGFR1	missingInPDF	p.Asp132Val	NM_015850.3	missense	missingInPDF
chr15	missingInPDF	missingInPDF	120	0.39	missingInPDF	NTRK3	missingInPDF	p.Leu238Ile	NM_002530.3	missense	missingInPDF
chr19	missingInPDF	missingInPDF	120	0.26	missingInPDF	PRKACA	missingInPDF	p.?	NM_002730.3	splice_region	missingInPDF
chr14	missingInPDF	missingInPDF	120	0.27	missingInPDF	PRKD1	missingInPDF	p.Asn195Ser	NM_002742.2	missense	missingInPDF
chr14	missingInPDF	missingInPDF	120	0.32	missingInPDF	PRKD1	missingInPDF	p.?	NM_002742.2	splice_region	missingInPDF
chr2	missingInPDF	missingInPDF	120	0.21	missingInPDF	REL	missingInPDF	p.=	NM_002908.3	synonymous	missingInPDF
chr8	missingInPDF	missingInPDF	120	0.39	missingInPDF	RUNX1T1	missingInPDF	p.Arg367Gln	NM_004349.3	missense	missingInPDF
chr19	missingInPDF	missingInPDF	120	0.32	missingInPDF	RYR1	missingInPDF	p.Arg1583His	NM_000540.2	missense	missingInPDF
chr18	missingInPDF	missingInPDF	120	0.32	missingInPDF	SMAD4	missingInPDF	p.Cys363Tyr	NM_005359.5	missense	missingInPDF
chr18	missingInPDF	missingInPDF	120	0.32	missingInPDF	SMAD4	missingInPDF	p.Trp524Gly	NM_005359.5	missense	missingInPDF
chr1	missingInPDF	missingInPDF	120	0.14	missingInPDF	SPTA1	missingInPDF	p.Arg1694Cys	NM_003126.2	missense	missingInPDF
chr17	missingInPDF	missingInPDF	120	0.26	missingInPDF	SRSF2	missingInPDF	p.Pro46Gln	NM_003016.4	missense	missingInPDF
chr1	missingInPDF	missingInPDF	120	0.15	missingInPDF	TAL1	missingInPDF	p.=	NM_003189.5	synonymous	missingInPDF